date,total,approved,completed,pending,avg_quality
2025-09-29,56,38,0,18,0.91
2025-09-28,6,6,0,0,0.88
2025-09-27,0,0,0,0,0
2025-09-26,0,0,0,0,0
2025-09-25,0,0,0,0,0
2025-09-24,0,0,0,0,0
2025-09-23,0,0,0,0,0
2025-09-22,0,0,0,0,0
2025-09-21,0,0,0,0,0
2025-09-20,0,0,0,0,0
2025-09-19,0,0,0,0,0
2025-09-18,0,0,0,0,0
2025-09-17,0,0,0,0,0
2025-09-16,0,0,0,0,0
2025-09-15,0,0,0,0,0
2025-09-14,0,0,0,0,0
2025-09-13,0,0,0,0,0
2025-09-12,0,0,0,0,0
2025-09-11,0,0,0,0,0
2025-09-10,0,0,0,0,0
2025-09-09,0,0,0,0,0
2025-09-08,0,0,0,0,0
2025-09-07,0,0,0,0,0
2025-09-06,0,0,0,0,0
2025-09-05,0,0,0,0,0
2025-09-04,0,0,0,0,0
2025-09-03,0,0,0,0,0
2025-09-02,0,0,0,0,0
2025-09-01,0,0,0,0,0
2025-08-31,0,0,0,0,0
